DBP_Category,Count,MAE,Error_STD,Median_Error,Within_5mmHg,Within_10mmHg,Within_15mmHg,BHS_Grade
Hypotension,495,4.867430542594211,4.225492362771812,3.9048773523226075,60.4040404040404,90.1010101010101,96.96969696969697,A
Normal,368,5.567812596105256,4.057471505089968,4.804537859160927,52.44565217391305,86.1413043478261,97.28260869565217,B
Prehypertension,15,11.553053597646986,7.281636768881137,9.737192882184743,20.0,53.333333333333336,66.66666666666666,D
Stage 1 HTN,8,17.962402320846543,3.9029621241531816,18.1611316964134,0.0,0.0,25.0,D
Stage 2 HTN,3,23.840662111437265,5.386625202856298,21.937025886553627,0.0,0.0,0.0,D
