Variable,Original_Mean,Original_STD,MICE_Mean,MICE_STD,KNN_Mean,KNN_STD,Difference_%
sodium_mean,137.58670507566669,4.338595990273075,137.37660440228765,5.183301874814607,137.6106353844912,3.3222497629765333,0.17009709046730082
potassium_mean,4.1850846705430955,0.5771921756291438,4.209074109348944,0.6608982665538178,4.1876219488279585,0.4877588577193861,0.512586057624541
lactate_mean,2.246099749671467,1.5302662698711829,2.2479767179389416,1.2141826303528476,2.2124274588046355,1.2679764820858357,1.5827106137875573
