Variable,Original_Mean,Original_STD,MICE_Mean,MICE_STD,KNN_Mean,KNN_STD,Difference_%
sodium_mean,137.52772814888692,5.733008191137478,137.5136449677857,5.714423501180822,137.5431698376809,5.713575658850894,0.02146830336878283
potassium_mean,4.038384127047088,0.40761490915923465,4.03860311169496,0.40709621090415204,4.038422740867728,0.4070746391320013,0.004466410860331224
creatinine_mean,3.044863518199614,9.073792742670987,3.0442784723654484,9.025531440657028,3.031574646642058,9.02655444652546,0.4172215157578503
bun_mean,24.10800746466451,13.624971417628009,24.07997247389065,13.569645103699969,24.092401163435742,13.543488232762234,0.05155419651877011
hemoglobin_mean,9.906671087726473,2.4571917085247836,9.912193142305178,2.4518690129454557,9.912799658333164,2.452160652990463,0.006122299030775594
