SBP_Category,Count,MAE,Error_STD,Median_Error,Within_5mmHg,Within_10mmHg,Within_15mmHg,BHS_Grade
Hypotension,8,15.14355942945442,2.4096874803203554,15.16610451824996,0.0,0.0,37.5,D
Normal,461,5.0550169567922625,3.5076158368020445,4.432365149893812,56.61605206073753,90.45553145336225,99.34924078091106,B
Prehypertension,302,4.7391910158641215,3.0354079572166732,4.651757665138348,56.29139072847682,93.70860927152319,100.0,B
Stage 1 HTN,95,4.161562384453766,3.019982987338991,3.902771685351638,63.1578947368421,93.6842105263158,100.0,A
Stage 2 HTN,23,4.518912167695682,4.442719285360381,3.281144622641392,69.56521739130434,91.30434782608695,95.65217391304348,A
