{
  "dataset": "MIMIC-III",
  "timestamp": "20250607_125351",
  "metrics": {
    "SBP": {
      "MSE": 36.30769482945246,
      "RMSE": 6.02558667927468,
      "MAE": 4.929168037894198,
      "R2": 0.8611536158146722,
      "Pearson_r": 0.928029651765075,
      "Spearman_r": 0.8810462890147924,
      "Within_5mmHg": 57.03037120359955,
      "Within_10mmHg": 91.11361079865017,
      "Within_15mmHg": 98.98762654668167,
      "Median_Error": 4.482823668694422,
      "90th_Percentile_Error": 9.750994816848358,
      "95th_Percentile_Error": 11.599769966428882,
      "Prediction_Interval_Coverage": 80.31496062992126,
      "Prediction_Interval_Width": 22.894326908830255
    },
    "DBP": {
      "MSE": 50.83608087532171,
      "RMSE": 7.1299425576453075,
      "MAE": 5.452024930052484,
      "R2": 0.4909253177332319,
      "Pearson_r": 0.7006939938726441,
      "Spearman_r": 0.6815724144166839,
      "Within_5mmHg": 55.68053993250843,
      "Within_10mmHg": 86.72665916760405,
      "Within_15mmHg": 95.61304836895388,
      "Median_Error": 4.520052779050445,
      "90th_Percentile_Error": 11.381579358647034,
      "95th_Percentile_Error": 14.222333402905573,
      "Prediction_Interval_Coverage": 79.86501687289089,
      "Prediction_Interval_Width": 23.17202665290972
    }
  },
  "hypothesis_tests": {
    "SBP": {
      "t_statistic": -0.7388657084736107,
      "p_value": 0.46018379109575,
      "mean_difference": -0.149356769008539,
      "std_difference": 6.027126123430192,
      "mae": 4.929168037894198,
      "se": 0.20214332225146625,
      "percent_within_5": 57.03037120359955,
      "percent_within_10": 91.11361079865017,
      "percent_within_15": 98.98762654668167,
      "bhs_grade": "B",
      "aami_pass": "True",
      "limits_of_agreement": [
        -11.962523970931716,
        11.663810432914637
      ]
    },
    "DBP": {
      "t_statistic": 0.10779308397024001,
      "p_value": 0.9141841786310664,
      "mean_difference": 0.025790965711383233,
      "std_difference": 7.13390936241576,
      "mae": 5.452024930052484,
      "se": 0.23926364068499711,
      "percent_within_5": 55.68053993250843,
      "percent_within_10": 86.72665916760405,
      "percent_within_15": 95.61304836895388,
      "bhs_grade": "B",
      "aami_pass": "True",
      "limits_of_agreement": [
        -13.956671384623505,
        14.008253316046272
      ]
    }
  },
  "fold_metrics": {
    "SBP": [
      {
        "fold": 1,
        "mse": 36.460729115547664,
        "rmse": 6.038272030601774,
        "mae": 4.904245177946592,
        "r2": 0.8689650079765199,
        "pearson_r": 0.9322998621822891
      },
      {
        "fold": 2,
        "mse": 41.63390452702502,
        "rmse": 6.452434000206822,
        "mae": 5.259886138405704,
        "r2": 0.8626618284212708,
        "pearson_r": 0.9297486191043707
      },
      {
        "fold": 3,
        "mse": 30.147228474405207,
        "rmse": 5.490649185151534,
        "mae": 4.549652358630625,
        "r2": 0.8564286874167971,
        "pearson_r": 0.9285823898026937
      },
      {
        "fold": 4,
        "mse": 38.555238987059745,
        "rmse": 6.209286511915821,
        "mae": 4.9995234266921935,
        "r2": 0.8521395328650465,
        "pearson_r": 0.930278711194421
      },
      {
        "fold": 5,
        "mse": 34.73252376759627,
        "rmse": 5.893430560174292,
        "mae": 4.932552099377238,
        "r2": 0.8587501256711121,
        "pearson_r": 0.9280882754324191
      }
    ],
    "DBP": [
      {
        "fold": 1,
        "mse": 67.73576823669498,
        "rmse": 8.23017425311852,
        "mae": 5.986519258350203,
        "r2": 0.546842856754943,
        "pearson_r": 0.7660642795150547
      },
      {
        "fold": 2,
        "mse": 45.09084824969192,
        "rmse": 6.714971947051747,
        "mae": 5.2393795845121245,
        "r2": 0.47384716470409605,
        "pearson_r": 0.7285546101199007
      },
      {
        "fold": 3,
        "mse": 43.23103749672811,
        "rmse": 6.575031368497653,
        "mae": 5.229378726824946,
        "r2": 0.43691331506123443,
        "pearson_r": 0.6778866430864149
      },
      {
        "fold": 4,
        "mse": 48.41849282496357,
        "rmse": 6.95833980378679,
        "mae": 5.189647249513804,
        "r2": 0.43485218865849895,
        "pearson_r": 0.6595300827110429
      },
      {
        "fold": 5,
        "mse": 49.69786308657071,
        "rmse": 7.049671133221089,
        "mae": 5.616121723157433,
        "r2": 0.493458510790596,
        "pearson_r": 0.7101422664395043
      }
    ]
  }
}